【基本】商品名,【セット】セット名,【セット】品番,メーカー名,【基本】生産地,甘辛度,香り,スペック,ギフト,クール,酒米,在庫,【セット】単価,【基本】キャッチコピー,【基本】説明,【基本】画像
紀土 KID 純米大吟醸 Sparkling,紀土 KID 純米大吟醸 Sparkling 720ml,11418,平和酒造,和歌山県,中口,やや強い,純米大吟醸,False,False,山田錦,True,1900,世界に広がる紀土の”泡”,"国内産の山田錦を50％まで精米して醸した純米大吟醸のスパークリングです。
見た目もシャンパンボトルのようで、世界に羽ばたく
「紀土」を象徴した様なデザインが描かれています。
スパークリングの華やかさや甘味はもちろん、
泡のフレッシュ感も合い重なって食中酒としては必需品になること間違いなし！！
瓶内二次発酵で、酵母が造る自然な泡をお楽しみください☆

※注意※ 開栓時における注意事項を肩ラベルと裏ラベルに記載しております。
要冷蔵の商品でもあるため、特に開栓前は瓶をしっかりと冷やして、
決して開栓前には振らないでください。中身が噴き出す恐れがありますので大変危険です。",https://www.af-1.jp/bottle/11418.jpg
紀土 KID 純米大吟醸 Sparkling,紀土 KID 純米大吟醸 Sparkling 360ml,11699,平和酒造,和歌山県,中口,やや強い,純米大吟醸,False,False,山田錦,True,1000,世界に広がる紀土の”泡”,"国内産の山田錦を50％まで精米して醸した純米大吟醸のスパークリングです。
見た目もシャンパンボトルのようで、世界に羽ばたく
「紀土」を象徴した様なデザインが描かれています。
スパークリングの華やかさや甘味はもちろん、
泡のフレッシュ感も合い重なって食中酒としては必需品になること間違いなし！！
瓶内二次発酵で、酵母が造る自然な泡をお楽しみください☆

※注意※ 開栓時における注意事項を肩ラベルと裏ラベルに記載しております。
要冷蔵の商品でもあるため、特に開栓前は瓶をしっかりと冷やして、
決して開栓前には振らないでください。中身が噴き出す恐れがありますので大変危険です。",https://www.af-1.jp/bottle/11418.jpg
紀土 純米,紀土 純米 1.8L,10182,平和酒造,和歌山県,中口,やや強い,純米大吟醸,False,False,山田錦,True,1900,"日本酒初心者でもスイッと飲めてしまう
優しい味はほっこり癒し系","コストパフォーマンス抜群の純米酒です。
穏やかな香りで、キレイなすっきりとしたキレのあるタイプで、
幅広い料理に合わせ易い、呑み飽きしない食中酒です。
全体的に爽やかな印象ながら、
お米の旨みが心地良い余韻とともに感じるお酒です。
冷や、常温、燗とオールマイティに楽しめます。
日本酒初心者でもスイッと飲めちゃう、優しいお酒です。

〜平和酒造コメントより〜
杜氏の得意とする7号酵母を使用しており、まろやかな口当たりとキレイな味わいですが、しっかりとした旨みがあります。
また香りもバニラのような甘い香りがします。
冷酒の時には吟醸としての印象が、燗の時には旨みののった純米酒の印象が最初に来ます。
紀州の風土の暖かさ、優しさを感じていただければと思います。",https://www.af-1.jp/bottle/10182.jpg
紀土 純米,紀土 純米 720ml,10843,平和酒造,和歌山県,中口,やや強い,純米大吟醸,False,False,山田錦,True,950,"日本酒初心者でもスイッと飲めてしまう
優しい味はほっこり癒し系","コストパフォーマンス抜群の純米酒です。
穏やかな香りで、キレイなすっきりとしたキレのあるタイプで、
幅広い料理に合わせ易い、呑み飽きしない食中酒です。
全体的に爽やかな印象ながら、
お米の旨みが心地良い余韻とともに感じるお酒です。
冷や、常温、燗とオールマイティに楽しめます。
日本酒初心者でもスイッと飲めちゃう、優しいお酒です。

〜平和酒造コメントより〜
杜氏の得意とする7号酵母を使用しており、まろやかな口当たりとキレイな味わいですが、しっかりとした旨みがあります。
また香りもバニラのような甘い香りがします。
冷酒の時には吟醸としての印象が、燗の時には旨みののった純米酒の印象が最初に来ます。
紀州の風土の暖かさ、優しさを感じていただければと思います。",https://www.af-1.jp/bottle/10182.jpg
紀土 純米 あがらの生原酒,紀土 純米 あがらの生原酒 1.8L,10844,平和酒造,和歌山県,中口,やや強い,純米大吟醸,False,False,山田錦,True,2600,"蔵人たちと和歌山の米栽培農家の
思いが込められた
あがら(＝私たち)のお酒","「紀州の風土」という呼び名から「紀土」という名が付けられています。
その中でもっとも風土を表しているのが『あがら』となり、自社田で育てられた山田錦と、和歌山県産の山田錦を使用したまさに「地酒」。
生のまま氷温貯蔵することで米の旨味を引き出しています。
またあえて低精白にすることで生ならではの爽やかな酸味が米の旨みと絶妙な融合。
しっかりとボディーのあるふくよかな旨味に、綺麗で軽やかな酸味はまさに紀土らしい味わい。
通常の紀土シリーズよりこちらの方がよりしっかりとお米の風合いが感じられます。
冷酒はもちろんですが、深みのある味わいは燗につけても広がります。",https://www.af-1.jp/bottle/10844.jpg
紀土 純米 あがらの生原酒,紀土 純米 あがらの生原酒 720ml,11543,平和酒造,和歌山県,中口,やや強い,純米大吟醸,False,False,山田錦,True,1300,"蔵人たちと和歌山の米栽培農家の
思いが込められた
あがら(＝私たち)のお酒","「紀州の風土」という呼び名から「紀土」という名が付けられています。
その中でもっとも風土を表しているのが『あがら』となり、自社田で育てられた山田錦と、和歌山県産の山田錦を使用したまさに「地酒」。
生のまま氷温貯蔵することで米の旨味を引き出しています。
またあえて低精白にすることで生ならではの爽やかな酸味が米の旨みと絶妙な融合。
しっかりとボディーのあるふくよかな旨味に、綺麗で軽やかな酸味はまさに紀土らしい味わい。
通常の紀土シリーズよりこちらの方がよりしっかりとお米の風合いが感じられます。
冷酒はもちろんですが、深みのある味わいは燗につけても広がります。",https://www.af-1.jp/bottle/10844.jpg
紀土 純米吟醸,紀土 純米吟醸 1.8L,10181,平和酒造,和歌山県,中口,やや強い,純米大吟醸,False,False,山田錦,True,2260,"青リンゴ系の少し華やかな優しい吟醸香が広がる
透明感のある綺麗な味","少し華やかな優しい吟醸香が広がる、透明感のあるキレイでキレのある食中酒。
スッキリとした甘い香り。するりとした柔らかい口当たり。柔らかい甘味にスッキリとした酸味。
んースッキリ！スルスルと飲めますねー。
こちらも冷や、常温、燗とオールマイティに楽しめます。
気づいたら大量に飲んでしまう危険なお酒！？

〜平和酒造コメントより〜
低温でゆっくりと発酵をさせることで、鮮烈な岩清水のようなイメージでこの酒を造っています。
紀州の風土の美しさすがすがしさを感じていただければと思います。
紀土の純米と飲み比べてみたら、違いがわかります！",https://www.af-1.jp/bottle/10181.jpg
紀土 純米吟醸,紀土 純米吟醸 720ml,10188,平和酒造,和歌山県,中口,やや強い,純米大吟醸,False,False,山田錦,True,1130,"青リンゴ系の少し華やかな優しい吟醸香が広がる
透明感のある綺麗な味","少し華やかな優しい吟醸香が広がる、透明感のあるキレイでキレのある食中酒。
スッキリとした甘い香り。するりとした柔らかい口当たり。柔らかい甘味にスッキリとした酸味。
んースッキリ！スルスルと飲めますねー。
こちらも冷や、常温、燗とオールマイティに楽しめます。
気づいたら大量に飲んでしまう危険なお酒！？

〜平和酒造コメントより〜
低温でゆっくりと発酵をさせることで、鮮烈な岩清水のようなイメージでこの酒を造っています。
紀州の風土の美しさすがすがしさを感じていただければと思います。
紀土の純米と飲み比べてみたら、違いがわかります！",https://www.af-1.jp/bottle/10181.jpg
紀土 純米吟醸 しぼりたて,紀土 純米吟醸 しぼりたて 1.8L,11249,平和酒造,和歌山県,中口,やや強い,純米大吟醸,False,False,山田錦,True,2300,しぼりたて特有のフレッシュな味わいまろやかながらもシャープな切れ味,"少しガスを含んだ、しぼりたて特有の
ピチピチとしたフレッシュな味わい。
後味はすっきり爽やか。

軽かさと透明感を特徴とする純米吟醸の生酒です。
しぼりたてらしいフレッシュさ、爽やかな果実のような香りと酸味、
五百万石の柔らかい幅のある旨みが味わえる絶品です。
食事との相性も抜群で非常にコストパフォーマンスの高いお酒です。
この美味しさで一升瓶2300円！？かなり「お得」な純米吟醸です。


【令和元年の味わいと造り】
令和元年初のしぼりたては、あたたかい時期の仕込みとなりました。
なかなか蒸米が冷えず、醪管理においても冷やすことに非常に注力しました。
毎年1本目の吟醸酒は「今年はどのようなお酒になるのか…」と期待と心配を膨らませながらの仕込みになります。
搾った時に納得のいく出来に仕上がっていると、ようやくそこでホッとします。
令和元年のしぼりたては、程よい香りで、旨味がありキレのよいフレッシュな酒質を目指して醸すことを目標にしています。やはり搾りの瞬間は緊張しましたが、香りは穏やかで、すっきりとキレの良いしぼりたてに仕上がっており、一安心しました！
そんな今年のしぼりたてに合わせるなら、 ふぐ刺し、ひらめの刺身、れんこん饅頭、鯛のカルパッチョなど、味わいのさっぱりとしたお食事がおすすめです！",https://www.af-1.jp/bottle/11249.jpg
紀土 純米吟醸 しぼりたて,紀土 純米吟醸 しぼりたて 720ml,11250,平和酒造,和歌山県,中口,やや強い,純米大吟醸,False,False,山田錦,True,1150,しぼりたて特有のフレッシュな味わいまろやかながらもシャープな切れ味,"少しガスを含んだ、しぼりたて特有の
ピチピチとしたフレッシュな味わい。
後味はすっきり爽やか。

軽かさと透明感を特徴とする純米吟醸の生酒です。
しぼりたてらしいフレッシュさ、爽やかな果実のような香りと酸味、
五百万石の柔らかい幅のある旨みが味わえる絶品です。
食事との相性も抜群で非常にコストパフォーマンスの高いお酒です。
この美味しさで一升瓶2300円！？かなり「お得」な純米吟醸です。


【令和元年の味わいと造り】
令和元年初のしぼりたては、あたたかい時期の仕込みとなりました。
なかなか蒸米が冷えず、醪管理においても冷やすことに非常に注力しました。
毎年1本目の吟醸酒は「今年はどのようなお酒になるのか…」と期待と心配を膨らませながらの仕込みになります。
搾った時に納得のいく出来に仕上がっていると、ようやくそこでホッとします。
令和元年のしぼりたては、程よい香りで、旨味がありキレのよいフレッシュな酒質を目指して醸すことを目標にしています。やはり搾りの瞬間は緊張しましたが、香りは穏やかで、すっきりとキレの良いしぼりたてに仕上がっており、一安心しました！
そんな今年のしぼりたてに合わせるなら、 ふぐ刺し、ひらめの刺身、れんこん饅頭、鯛のカルパッチョなど、味わいのさっぱりとしたお食事がおすすめです！",https://www.af-1.jp/bottle/11249.jpg
紀土 純米吟醸 にごりざけ,紀土 純米吟醸 にごりざけ 1.8L,11293,平和酒造,和歌山県,中口,やや強い,純米大吟醸,False,False,山田錦,True,2400,にごり酒生ならでは！爽やかなガス感と華やかな香り。爽快！柔らかな旨味！,"にごり酒生らしいフレッシュな味わいと滑らかな口当たりのお酒です。
紀土らしい爽快さ綺麗さと
柔らかな旨味を感じていただけたら幸いです。

【店長コメント】
穴あきタイプの活性清酒用の栓を使用しておりますが、
穴が開いているとはいえ吹く可能性がございます。
また瓶を横に倒されますと穴があいてる為に
こぼれる可能性がありますので、くれぐれもご注意ください。",https://www.af-1.jp/bottle/11293.jpg
紀土 純米吟醸 にごりざけ,紀土 純米吟醸 にごりざけ 720ml,11294,平和酒造,和歌山県,中口,やや強い,純米大吟醸,False,False,山田錦,True,1200,にごり酒生ならでは！爽やかなガス感と華やかな香り。爽快！柔らかな旨味！,"にごり酒生らしいフレッシュな味わいと滑らかな口当たりのお酒です。
紀土らしい爽快さ綺麗さと
柔らかな旨味を感じていただけたら幸いです。

【店長コメント】
穴あきタイプの活性清酒用の栓を使用しておりますが、
穴が開いているとはいえ吹く可能性がございます。
また瓶を横に倒されますと穴があいてる為に
こぼれる可能性がありますので、くれぐれもご注意ください。",https://www.af-1.jp/bottle/11293.jpg
紀土 純米吟醸 ひやおろし,紀土 純米吟醸 ひやおろし 1.8L,10631,平和酒造,和歌山県,中口,やや強い,純米大吟醸,False,False,山田錦,True,2300,柔らかな口当たりスっとキレる優しい印象の酒,"上品な吟醸香がやさしく口の中を包み込み、
旨みがじんわりと舌の上にひろがります。
「紀土」らしいやわらかさとキレも感じて頂けます。
冷酒、ひや、もちろんお燗でも。
秋の恵みとともにお楽しみ頂けますと幸いです。",https://www.af-1.jp/bottle/10631.jpg
紀土 純米吟醸 ひやおろし,紀土 純米吟醸 ひやおろし 720ml,10847,平和酒造,和歌山県,中口,やや強い,純米大吟醸,False,False,山田錦,True,1150,柔らかな口当たりスっとキレる優しい印象の酒,"上品な吟醸香がやさしく口の中を包み込み、
旨みがじんわりと舌の上にひろがります。
「紀土」らしいやわらかさとキレも感じて頂けます。
冷酒、ひや、もちろんお燗でも。
秋の恵みとともにお楽しみ頂けますと幸いです。",https://www.af-1.jp/bottle/10631.jpg
紀土 純米吟醸 夏の疾風,紀土 純米吟醸 夏の疾風 1.8L,10494,平和酒造,和歌山県,中口,やや強い,純米大吟醸,False,False,山田錦,True,2300,爽やかなリンゴ酸が夏の暑さを癒してくれます。,"さらりと優しく、山あいを吹き抜ける風を感じる涼風夏酒。
爽快感のある酸味とシャープなキレが特徴です。
夏のお酒にふさわしく爽やかなリンゴ酸が夏の暑さを癒してくれます。
アルコール分を感じさせない爽快な飲み口、
キリリと冷やし、夏のさっぱりとした料理との相性が抜群です。",https://www.af-1.jp/bottle/10494.jpg
紀土 純米吟醸 夏の疾風,紀土 純米吟醸 夏の疾風 720ml,10495,平和酒造,和歌山県,中口,やや強い,純米大吟醸,False,False,山田錦,True,1150,爽やかなリンゴ酸が夏の暑さを癒してくれます。,"さらりと優しく、山あいを吹き抜ける風を感じる涼風夏酒。
爽快感のある酸味とシャープなキレが特徴です。
夏のお酒にふさわしく爽やかなリンゴ酸が夏の暑さを癒してくれます。
アルコール分を感じさせない爽快な飲み口、
キリリと冷やし、夏のさっぱりとした料理との相性が抜群です。",https://www.af-1.jp/bottle/10494.jpg
紀土 純米吟醸春ノ薫風,紀土 純米吟醸 春ノ薫風 1.8L,10686,平和酒造,和歌山県,中口,やや強い,純米大吟醸,False,False,山田錦,True,2300,ほんのりとした苦みがポイント♪春野菜と共に是非味わいたい！,"春を感じさせてくれる綺麗な透明の爽やかなボトルに、桜色の文字で描かれた「紀土」の文字。今年も紀土の春限定酒、「春ノ薫風」が入荷してきました。
紀土の特徴と言えばフルーティーで芳醇。春ノ薫風もその特徴を引き継ぎつつ、より柔らかい酒質となり、若干の苦みが大人の紀土、そして別れと出会いの春を表した、淡くも軽快な紀土となっています。春のうららかな季節のよう。
春野菜などと是非お楽しみいただきたい一本です。

今年の味わいについて〜杜氏 柴田氏より〜
今年の春ノ薫風は、華やかな香りで、甘みがあり後味スッキリした味わいに仕上げました。春のお花見のお共にもピッタリなお酒です！
そんな今年の「紀土 純米吟醸酒 春ノ薫風」に合わせるなら
・春野菜の天ぷら
・さわらのソテー
・タイの餡掛け饅頭
・アスパラガスの和風パスタ(ダシ醤油味)
・つまみタラ(おつまみ)
など、春が旬の食材を使用した料理がオススメです！
華やかで甘みのある春ノ薫風とのマリアージュをお楽しみください。",https://www.af-1.jp/bottle/10686.jpg
紀土 純米吟醸春ノ薫風,紀土 純米吟醸春ノ薫風 720ml,10687,平和酒造,和歌山県,中口,やや強い,純米大吟醸,False,False,山田錦,True,1150,ほんのりとした苦みがポイント♪春野菜と共に是非味わいたい！,"春を感じさせてくれる綺麗な透明の爽やかなボトルに、桜色の文字で描かれた「紀土」の文字。今年も紀土の春限定酒、「春ノ薫風」が入荷してきました。
紀土の特徴と言えばフルーティーで芳醇。春ノ薫風もその特徴を引き継ぎつつ、より柔らかい酒質となり、若干の苦みが大人の紀土、そして別れと出会いの春を表した、淡くも軽快な紀土となっています。春のうららかな季節のよう。
春野菜などと是非お楽しみいただきたい一本です。

今年の味わいについて〜杜氏 柴田氏より〜
今年の春ノ薫風は、華やかな香りで、甘みがあり後味スッキリした味わいに仕上げました。春のお花見のお共にもピッタリなお酒です！
そんな今年の「紀土 純米吟醸酒 春ノ薫風」に合わせるなら
・春野菜の天ぷら
・さわらのソテー
・タイの餡掛け饅頭
・アスパラガスの和風パスタ(ダシ醤油味)
・つまみタラ(おつまみ)
など、春が旬の食材を使用した料理がオススメです！
華やかで甘みのある春ノ薫風とのマリアージュをお楽しみください。",https://www.af-1.jp/bottle/10686.jpg
紀土 純米大吟醸 shibatas ambitious,紀土 純米大吟醸 shibatas ambitious 1.8L,11371,平和酒造,和歌山県,中口,やや強い,純米大吟醸,False,False,山田錦,True,3600,杜氏SPECIAL華やかさをプラス!,"「Shibata's」は「柴田の…」という意味です。
「柴田の酒」「柴田と蔵人達による」などの意味をこめています。
杜氏スペシャルシリーズの限定酒
『紀土 KID 純米大吟醸 Shibata's be ambitious』
“be ambitious”には日本酒の魅力を伝えるということの気概と志をメッセージに込めました。
味わいの豊かさと華やかな香り、そして紀土ならでは柔らかさを出し、
日本酒の魅力を表現しました。",https://www.af-1.jp/bottle/11371.jpg
紀土 純米大吟醸 shibatas ambitious,紀土 純米大吟醸 shibatas ambitious 720ml,11372,平和酒造,和歌山県,中口,やや強い,純米大吟醸,False,False,山田錦,True,1800,杜氏SPECIAL華やかさをプラス!,"「Shibata's」は「柴田の…」という意味です。
「柴田の酒」「柴田と蔵人達による」などの意味をこめています。
杜氏スペシャルシリーズの限定酒
『紀土 KID 純米大吟醸 Shibata's be ambitious』
“be ambitious”には日本酒の魅力を伝えるということの気概と志をメッセージに込めました。
味わいの豊かさと華やかな香り、そして紀土ならでは柔らかさを出し、
日本酒の魅力を表現しました。",https://www.af-1.jp/bottle/11371.jpg
紀土 純米大吟醸 shibata's be fresh,紀土 純米大吟醸 shibata's be fresh 1.8L,10554,平和酒造,和歌山県,中口,やや強い,純米大吟醸,False,False,山田錦,True,3600,"生き生きとした生命感や
若々しさを名前そのままに
フレッシュ感あふれる酒","「Shibata's」は「柴田の…」という意味です。
「柴田の酒」「柴田の蔵人達による」などの意味をこめています。
杜氏･柴田さんの名を冠した
杜氏スペシャルシリーズの生原酒（限定酒）。
まるで、大吟醸クラスかと錯覚してしまうような、華やかな香りです。
生原酒ならではの生き生きとした生命感、
若々しいフレッシュな味わいが魅力♪
まだメロンのような若さを感じますが、
余韻に苦味を感じることはなく、全体バランスは最高です。
柴田杜氏が、その年に醸したお酒の中で
特に出来が良いものを選んでこの名をつけています。",https://www.af-1.jp/bottle/10554.jpg
紀土 純米大吟醸 shibata's be fresh,紀土 純米大吟醸 shibata's be fresh 720ml,11281,平和酒造,和歌山県,中口,やや強い,純米大吟醸,False,False,山田錦,True,1800,"生き生きとした生命感や
若々しさを名前そのままに
フレッシュ感あふれる酒","「Shibata's」は「柴田の…」という意味です。
「柴田の酒」「柴田の蔵人達による」などの意味をこめています。
杜氏･柴田さんの名を冠した
杜氏スペシャルシリーズの生原酒（限定酒）。
まるで、大吟醸クラスかと錯覚してしまうような、華やかな香りです。
生原酒ならではの生き生きとした生命感、
若々しいフレッシュな味わいが魅力♪
まだメロンのような若さを感じますが、
余韻に苦味を感じることはなく、全体バランスは最高です。
柴田杜氏が、その年に醸したお酒の中で
特に出来が良いものを選んでこの名をつけています。",https://www.af-1.jp/bottle/10554.jpg
紀土 純米大吟醸 山田五〇,紀土 純米大吟醸 山田五〇 1.8L,10534,平和酒造,和歌山県,中口,やや強い,純米大吟醸,False,False,山田錦,True,2800,"このスペック、
この味で、この価格!!
はっきり言って安いです。","大吟醸クラスの香りやフルーティーさもあり、
紀土らしい綺麗さや、優しさ膨らみを感じさせます。

おだやかでやさしいマンゴーのような香り。
味わいに深みがあり、やわらかな旨味がふわりと口中に広がります。
後から感じられるやさしい酸とのバランスのよい五味が調和した芳醇旨口な味わい。",https://www.af-1.jp/bottle/10534.jpg
紀土 純米大吟醸 山田五〇,紀土 純米大吟醸 山田五〇 720ml,10535,平和酒造,和歌山県,中口,やや強い,純米大吟醸,False,False,山田錦,True,1400,"このスペック、
この味で、この価格!!
はっきり言って安いです。","大吟醸クラスの香りやフルーティーさもあり、
紀土らしい綺麗さや、優しさ膨らみを感じさせます。

おだやかでやさしいマンゴーのような香り。
味わいに深みがあり、やわらかな旨味がふわりと口中に広がります。
後から感じられるやさしい酸とのバランスのよい五味が調和した芳醇旨口な味わい。",https://www.af-1.jp/bottle/10534.jpg
紀土 純米大吟醸 山田四十,紀土 純米大吟醸 山田四十 1.8L　,11373,平和酒造,和歌山県,中口,やや強い,純米大吟醸,False,False,山田錦,True,4600,"繊細な味わいを表現しようと醸しました
新しい『紀土』の幕開けです！","紀州の風土、和歌山の水のもつ柔らかさと優しさはそのままに、
さらに透明感と繊細さを表現しました。
素朴な優しい味わいと、上品な吟醸香が口の中を包み込み、長い余韻を残します。

〜平和酒造コメントより〜
『紀土』を醸すようになり、はや8年。
若い蔵人達と共に情熱をもって酒づくりに邁進してきましたが、
若々しさだけでは出せない、繊細な味わいを表現しようと醸しました。
新しい『紀土』の幕開けです。",https://www.af-1.jp/bottle/11373.jpg
紀土 純米大吟醸 山田四十,紀土 純米大吟醸 山田四十 720ml,11374,平和酒造,和歌山県,中口,やや強い,純米大吟醸,False,False,山田錦,True,2300,"繊細な味わいを表現しようと醸しました
新しい『紀土』の幕開けです！","紀州の風土、和歌山の水のもつ柔らかさと優しさはそのままに、
さらに透明感と繊細さを表現しました。
素朴な優しい味わいと、上品な吟醸香が口の中を包み込み、長い余韻を残します。

〜平和酒造コメントより〜
『紀土』を醸すようになり、はや8年。
若い蔵人達と共に情熱をもって酒づくりに邁進してきましたが、
若々しさだけでは出せない、繊細な味わいを表現しようと醸しました。
新しい『紀土』の幕開けです。",https://www.af-1.jp/bottle/11373.jpg
紀土 純米大吟醸 山田四十五,紀土 純米大吟醸 山田四十五 1.8L,11410,平和酒造,和歌山県,中口,やや強い,純米大吟醸,False,False,山田錦,True,3800,"透明感と優しさあふれる
紀州の爽やかなミントグリーン！","紀土の特徴である綺麗さと優しさに合わせて、
心地よい吟醸香により余韻が広がるようなお酒です。
透明感溢れる仕上がりとなっていて、純米大吟醸らしい上品な味となっております。

おだやかでやさしい紀州のミントグリーンのような香り。
味わいに深みがあり、やわらかな旨味がふわりと口中に広がります。
後から感じられるやさしい酸とのバランスのよい五味が調和した芳醇旨口な味わい。",https://www.af-1.jp/bottle/11410.jpg
紀土 純米大吟醸 山田四十五,紀土 純米大吟醸 山田四十五 720ml,11411,平和酒造,和歌山県,中口,やや強い,純米大吟醸,False,False,山田錦,True,1900,"透明感と優しさあふれる
紀州の爽やかなミントグリーン！","紀土の特徴である綺麗さと優しさに合わせて、
心地よい吟醸香により余韻が広がるようなお酒です。
透明感溢れる仕上がりとなっていて、純米大吟醸らしい上品な味となっております。

おだやかでやさしい紀州のミントグリーンのような香り。
味わいに深みがあり、やわらかな旨味がふわりと口中に広がります。
後から感じられるやさしい酸とのバランスのよい五味が調和した芳醇旨口な味わい。",https://www.af-1.jp/bottle/11410.jpg
紀土 大吟醸,紀土 大吟醸 1.8L,10532,平和酒造,和歌山県,中口,やや強い,純米大吟醸,False,False,山田錦,True,4200,"山田錦を35％まで磨いた贅沢なお酒
綺麗で優しい味わいの食中酒","国内産の山田錦を35％まで精白して仕込まれた、長期低温醗酵を経て醸された平和酒造が誇る”自信”の大吟醸酒です。その実力は国内最大級の日本酒コンテストである「IWC」インターナショナルワインチャレンジジにおいて、吟醸酒・大吟醸酒の部で2014年と2015年に、リージョナルトロフィーを連続受賞するなど輝かしい実績を残しています。このトロフィーは総数876銘柄中、10銘柄のみだけ受賞できる最高の栄誉でもあります。

平和酒造の大吟醸クラスに相応しい、リンゴやサクランボなどのフルーツ系の吟醸香が飲み手の鼻腔で優しく華開きます。口に含んでみると「紀土」の特徴である優しい味わいと、上品でとても綺麗な旨味を心地よく感じさせてくれます。また、”食”との相性を大切にしている酒質の大吟醸のため、料理との絶妙な味のバランスが端正で軽い口当たりに導いてくれる、究極の食中酒です！
この絶品ともいえる『紀土　大吟醸』は、繊細な和食料理とも抜群の相性があり、特に和食料理店において”美味なる料理に美味い酒”といった贅沢を嗜まれてはいかがでしょうか。",https://www.af-1.jp/bottle/10532.jpg
紀土 大吟醸,紀土 大吟醸 720ml,10533,平和酒造,和歌山県,中口,やや強い,純米大吟醸,False,False,山田錦,True,2100,"山田錦を35％まで磨いた贅沢なお酒
綺麗で優しい味わいの食中酒","国内産の山田錦を35％まで精白して仕込まれた、長期低温醗酵を経て醸された平和酒造が誇る”自信”の大吟醸酒です。その実力は国内最大級の日本酒コンテストである「IWC」インターナショナルワインチャレンジジにおいて、吟醸酒・大吟醸酒の部で2014年と2015年に、リージョナルトロフィーを連続受賞するなど輝かしい実績を残しています。このトロフィーは総数876銘柄中、10銘柄のみだけ受賞できる最高の栄誉でもあります。

平和酒造の大吟醸クラスに相応しい、リンゴやサクランボなどのフルーツ系の吟醸香が飲み手の鼻腔で優しく華開きます。口に含んでみると「紀土」の特徴である優しい味わいと、上品でとても綺麗な旨味を心地よく感じさせてくれます。また、”食”との相性を大切にしている酒質の大吟醸のため、料理との絶妙な味のバランスが端正で軽い口当たりに導いてくれる、究極の食中酒です！
この絶品ともいえる『紀土　大吟醸』は、繊細な和食料理とも抜群の相性があり、特に和食料理店において”美味なる料理に美味い酒”といった贅沢を嗜まれてはいかがでしょうか。",https://www.af-1.jp/bottle/10532.jpg
紀土 特別純米 カラクチキッド,紀土 特別純米 カラクチキッド 1.8L,11317,平和酒造,和歌山県,中口,やや強い,純米大吟醸,False,False,山田錦,True,2100,ふんわりカラクチ心地よい刺激！,"従来の紀土らしい柔らかみと、辛口ながらも旨みのある味わい。
両方の魅力を楽しんでいただけます。
口に含むと、まず紀土らしい、やわらかく甘みのある口あたりが感じられます。
「いつもの紀土かな？」と思っていると途中から舌に甘みがのり、
そのまま舌を心地良く刺激しながらスッときれいにキレていきます。
色々なお食事と合わせて頂けたらと思います。",https://www.af-1.jp/bottle/11317.jpg
紀土 特別純米 カラクチキッド,紀土 特別純米 カラクチキッド 720ml,11318,平和酒造,和歌山県,中口,やや強い,純米大吟醸,False,False,山田錦,True,1050,ふんわりカラクチ心地よい刺激！,"従来の紀土らしい柔らかみと、辛口ながらも旨みのある味わい。
両方の魅力を楽しんでいただけます。
口に含むと、まず紀土らしい、やわらかく甘みのある口あたりが感じられます。
「いつもの紀土かな？」と思っていると途中から舌に甘みがのり、
そのまま舌を心地良く刺激しながらスッときれいにキレていきます。
色々なお食事と合わせて頂けたらと思います。",https://www.af-1.jp/bottle/11317.jpg
紀土 特別純米酒 雄町,紀土 特別純米酒 雄町 1.8L,12087,平和酒造,和歌山県,中口,やや強い,純米大吟醸,False,False,山田錦,True,2600,「紀土」が醸す雄町。  雄町ならではの豊かで深い味わい。,"遂に、紀土からあの人気米「雄町」を使用した限定酒が販売となります。
多くのヒット商品を持ち、全国にも知られている和歌山県の地酒ですが、意外にもこれまで雄町を使用したお酒はありませんでした。雄町といえば、力強い旨み、野性味、ボリュームのある味わい、長い余韻などが特徴で、「オマチスト」と呼ばれる熱狂的なファンの方もいるほど人気のお米。
紀土らしい、華やかながらも落ち着きのある吟醸香が鼻腔を刺激します。
雄町の美点でもある、強い旨みが存分に表現されていて、その中には熟したバナナのような甘みも感じます。また、酸による余韻のキレ方も見事で、程良い余韻を残しながらスゥーっとフェードアウトしていきます。軽やかで、優しい飲み口ながらも、雄町のパワフルさを感じる絶妙の造り。",https://www.af-1.jp/bottle/12087.jpg
紀土 特別純米酒 雄町,紀土 特別純米酒 雄町 720ml,12088,平和酒造,和歌山県,中口,やや強い,純米大吟醸,False,False,山田錦,True,1300,「紀土」が醸す雄町。  雄町ならではの豊かで深い味わい。,"遂に、紀土からあの人気米「雄町」を使用した限定酒が販売となります。
多くのヒット商品を持ち、全国にも知られている和歌山県の地酒ですが、意外にもこれまで雄町を使用したお酒はありませんでした。雄町といえば、力強い旨み、野性味、ボリュームのある味わい、長い余韻などが特徴で、「オマチスト」と呼ばれる熱狂的なファンの方もいるほど人気のお米。
紀土らしい、華やかながらも落ち着きのある吟醸香が鼻腔を刺激します。
雄町の美点でもある、強い旨みが存分に表現されていて、その中には熟したバナナのような甘みも感じます。また、酸による余韻のキレ方も見事で、程良い余韻を残しながらスゥーっとフェードアウトしていきます。軽やかで、優しい飲み口ながらも、雄町のパワフルさを感じる絶妙の造り。",https://www.af-1.jp/bottle/12087.jpg
紀土 無量山 純米,紀土 無量山 純米 720ml,11786,平和酒造,和歌山県,中口,やや強い,純米大吟醸,False,False,山田錦,True,1900,紀土が込めた日本酒への想いそれは時代を超えて。,"「無量山」は紀土の中でも最高ランクの造りを施したこだわりのお酒。今、その「無量山」の名を受け継いだ極上のお酒が出来上がりました。
""紀土""といえば、今や全国でも引く手数多の人気銘柄。あらゆる層から評価の高い、飲み手に寄り添うお酒です。
しかし、造り手の意志を宿した極みのお酒、そんなお酒を造りたい。それは、平和酒造が自らのために造る日本酒。その思いはいつしか抑えきれないものになっていたそうです。念願叶い、平和酒造の考える日本一と思えるお酒が完成しました。それが、この「無量山」シリーズから発売される「紀土」だったのです。
香りは、紀土のお酒らしい、爽やかな果実香を含んでいます。ただ、それは主役を担う香りではなく、炊きたてのお米のようなふくよかな香りの中にあり、繊細さを含んだ香り。含むと、艶やかな飲み口と共に、まろやかな甘みが流れ込んできます。
清涼感のある酸味もそれと同時か、やや遅れて姿を現し、ふくらみのある丸い旨みをより際立たせます。ゆっくりと消えていく持続感のある酸味がほどよい充実感をもたらしてくれます。冷から、少し低めの常温（室温）くらいがこのお酒の最良の温度でしょう。
特Ａ地区の最高峰の山田錦と紀州の綺麗な水、そして和歌山を代表する紀土との出会いが、美しい酒を生み出しました。",https://www.af-1.jp/bottle/11786.jpg
紀土 無量山 純米 雄町,紀土 無量山 純米 雄町 720ml,12106,平和酒造,和歌山県,中口,やや強い,純米大吟醸,False,False,山田錦,True,2600,無量山の雄町には上品さと力強さがあります。,"紀土のプレミアムライン、「無量山」シリーズより「雄町」が登場。
雄町とは米の名で、野性味あふれる、濃厚な旨みを持つお米。全国でも特にファンの多い酒米です。雄町の特徴でもある幅の厚い味わいが、紀土らしい優しさに包まれ、まろやかでふくらみある旨みが格別の味わい。酒造の持つ美点を最大限に活かした雄町はひと味もふた味も違います。
どっしり濃厚な味わいを残しつつ、随所に柔らかさを感じます。フィニッシュも酸によりよくキレ、絶妙なバランスを持っています。

※冬季限定品",https://www.af-1.jp/bottle/12106.jpg
紀土 無量山 純米吟醸,紀土 無量山 純米吟醸 720ml,11787,平和酒造,和歌山県,中口,やや強い,純米大吟醸,False,False,山田錦,True,2300,これぞ世界の頂点！！ IWC最優秀賞「チャンピオン・サケ」受賞！！,"""紀土""といえば、全国でも引く手数多の人気銘柄。
あらゆる層から高い支持を得ている、飲み手に寄り添うお酒です。

 「より造り手の意志を宿した極みのお酒を造りたい。」蔵人達の思いはいつしか抑えきれないものとなり、平和酒造の考える日本一と思えるお酒、最高ランクの造りを施したこだわりのお酒が完成しました。

ミネラル感を含んだ清爽な香り
空気に触れ、しばらくすると、お米のふくよかな香りも漂ってきます。
ビロードのように、どこまでもシルキーな飲み口は、中々感じることのできない
口当たり。
 甘みは薄玻璃のように舌全体を優しく包み込み、キメの細かい酸味を感じます。
アフターにも、酸味と甘みをわずかに残し、最初から最後まで、その味わいに様々な
表情が表れます。繊細ながら旨みを多分に含んだ美麗な味わい。
2020年は「IWC（インターナショナル・ワイン・チャレンジ）」において最優秀賞「チャンピオン・サケ」を受賞！！
これこそが平和酒造が追い求めた""日本一の酒""の味わい。世界が認めた""世界一の酒""の味わいです！！


 『IWC』とは…
「インターナショナル・ワイン・チャレンジ（IWC）」。
 毎年ロンドンで行われる、世界で最も権威があり、もっとも大きな影響力をもつと言われるワイン品評会。
SAKE部門の受賞は国内外で大きく取り上げられ、その功績を認められる重要なイベントとなっています。

 『IWC「チャンピオン・サケ」』とは…
日本酒部門は9つのカテゴリーに分かれ、ブラインドテイスティングによる審査が行われます。
その各カテゴリーのトロフィー受賞銘柄から、さらに優秀な１銘柄だけに最優秀賞「チャンピオン・サケ」の称号が与えられ、2020年、その栄誉ある最高賞「チャンピオン・サケ」を獲得したのが「紀土　無量山　純米吟醸」！！
 世界中からエントリーした美味い日本酒、総計1401銘柄の中から、「今、最も美味い日本酒」として頂点に選ばれました。


Brewer of the year(ブリュワリー・オブ・ザ・イヤー)とは…
IWC2020「SAKE部門」の中で、エントリーした全ての酒が高評価を得た蔵を「Brewer of the year(ブリュワリー・オブ・ザ・イヤー)」として表彰。
2年連続で和歌山県の平和酒造が選ばれました。連続受賞は世界初の快挙！！
 同平和酒造の「紀土　純米大吟醸　精米歩合四十」も純米大吟醸の部において「純米大吟醸トロフィー」を受賞しています。",https://www.af-1.jp/bottle/11787.jpg
紀土 無量山 純米大吟醸 25% (箱入),紀土 無量山 純米大吟醸 25% 720ml赤ﾗﾍﾞﾙ,12475,平和酒造,和歌山県,中口,やや強い,純米大吟醸,False,False,山田錦,True,50000,平和酒造の旨さの結晶人生の節目に,"平和酒造の蔵元である山本家は、酒造りを始めたのが1928年。
その前は『無量山超願寺』というお寺でした。
その山号である無量山の名前を冠したこのお酒は、
紀土の最高峰シリーズとなります。

全てが最高クラスの原材料で醸される無量山、当然最高品質のお米が使用されています。
兵庫県産特A地区の山田錦が用いられ、その高級米25％まで精米。
立ち上る香りには華やかさがあり、それは含み香としても口内で開きます。
ゆらゆらと優雅に旨みの粒をまき散らし、とろけるようにいつの間にか飲み込んでしまっています。
一級の華やかさと口当たりの良さ、特別な紀土を特別な日にお楽しみ下さい。",https://www.af-1.jp/bottle/12475.jpg
紀土 無量山 純米大吟醸 30% 黒ﾗﾍﾞﾙ,紀土 無量山 純米大吟醸 30% 黒ﾗﾍﾞﾙ 720ml,12105,平和酒造,和歌山県,中口,やや強い,純米大吟醸,False,False,山田錦,True,20000,"プレミアムなお酒
最高の紀土","平和酒造の持つ醸造技術、蔵人の経験と勘、最高の原料と全てに妥協することなく造り上げられた究極の一本。
含んだ際の口当たりは山から湧き出る岩清水を彷彿とさせ、味わいは繊細でエレガントな旨みが、はっきりとした存在感を持って、しかし、主張しすぎることなく染み込んできます。
柔らかな酒質からこぼれ出る旨さはまさに現代の芸術とさえ呼べるかもしれません。",https://www.af-1.jp/bottle/12105.jpg
紀土 無量山 純米大吟醸,紀土 無量山 純米大吟醸 720ml,11811,平和酒造,和歌山県,中口,やや強い,純米大吟醸,False,False,山田錦,True,2800,平和酒造の思いを宿した 極みの純米大吟醸！！,"""紀土""といえば、全国でも引く手数多の人気銘柄。
あらゆる層から高い支持を得ている、飲み手に寄り添うお酒です。

「より造り手の意志を宿した極みのお酒を造りたい。」蔵人達の思いはいつしか抑えきれないものとなり、平和酒造の考える日本一と思えるお酒、最高ランクの造りを施したこだわりのお酒が完成しました。

香りは、穏やかながらも芳醇な果実香。米の甘い香りも多分に感じることが出来ます。
含んでみると、一切の無駄な部分がそぎ落とされた、さらりとした岩清水のような綺麗な口当たり。
シャキッとした酸味と、その強めの酸をものともしない溢れんばかりの旨み。
口内を滑るように転がるエレガントな舌触り。後味は僅かな苦みを伴いながら、
緩やかな残像を残しつつフェードアウトしていきます。

同無量山の純米吟醸は「2020年IWC（インターナショナル・ワイン・チャレンジ）」において最優秀賞「チャンピオン・サケ」を受賞。
平和酒造が追い求めた""日本一の酒""の味わい、世界が認めた""世界一の酒""の味わいを、この純米大吟醸からも感じます。
特Ａ地区の最高峰の山田錦と紀州の綺麗な水が生み出した、和歌山を代表する美しい酒を、ぜひ一度ご賞味ください。",https://www.af-1.jp/bottle/11811.jpg
紀土 無量山 純米大吟醸35%,紀土 無量山 純米大吟醸35% 720ml,12111,平和酒造,和歌山県,中口,やや強い,純米大吟醸,False,False,山田錦,True,10000,"洗礼された上品さ
新たに最高峰シリーズの登場です","平和酒造の蔵元である山本家は、酒造りを始めたのが1928年。
その前は『無量山超願寺』というお寺でした。
その山号である無量山の名前を冠したこのお酒は、
紀土シリーズの最高峰シリーズとなります。

最高水準の山田錦を35％まで精米を行い、和歌山の清らかな湧水で醸しました。
すみずみまで蔵人の想いが届くように、丁寧に、慎重に醸しました。
洗練された上品さと繊細さ、その味わいをお楽しみください。",https://www.af-1.jp/bottle/12111.jpg
紀美野 純米,紀美野 純米 1.8L,10848,平和酒造,和歌山県,中口,やや強い,純米大吟醸,False,False,山田錦,True,2370,フルーティーな中に感じられる凛とした米の味安いのに旨いクセになる味,"甘いリンゴを思わせるような吟醸香。
その期待を裏切らないすっきりとした飲み口。
味わいは軽いですが、飲み進めるとしっかりと米の旨みも感じることができ、
段々クセになってくる深みも感じられます。",https://www.af-1.jp/bottle/10848.jpg
紀美野 純米吟醸,紀美野 純米吟醸 1.8L,10849,平和酒造,和歌山県,中口,やや強い,純米大吟醸,False,False,山田錦,True,2800,上品、キレ、綺麗な酒質と三拍子揃ったお酒,"通常二回火入れを行うところ、瓶詰めの一回の火入れで、生詰めした純米吟醸酒。
まったくクセのないお酒で日本酒が苦手な方でグイグイと杯が進むでしょう。
同蔵の持つ特徴が良く出たお酒で、後々感じられる米の持つ旨みが溢れてきます。",https://www.af-1.jp/bottle/10849.jpg
純真無垢 純米大吟醸,純真無垢 純米大吟醸 1.8L,10951,平和酒造,和歌山県,中口,やや強い,純米大吟醸,False,False,山田錦,True,2730,「純米大吟醸」「全量山田錦」「高野山の伏流水」この価格、間違いではないんです！,"全量山田錦を使用した、高パフォーマンスなスーパー酒。

飲み口は柔らかく、非常にすっきりとした口当たり。
平和酒造さんの日本酒は「紀土」が有名ですが、
決して「紀土以外」の酒ではありません。

「紀土」よりも「純真無垢」の方が好みだという方も
たくさんいらっしゃいます。

世界遺産高野山の伏流水で仕込まれており、
芳醇でなめらかな香りです。",https://www.af-1.jp/bottle/10951.jpg
紀土 無量山 純米大吟醸 20%,紀土 無量山 純米大吟醸 20% 720ml,12880,平和酒造,和歌山県,中口,やや強い,純米大吟醸,False,False,山田錦,True,120000,"世界王者の貫録を見せつける
平和酒造最高精米酒","平和酒造の蔵元である山本家は、酒造りを始めたのが1928年。その前は『無量山超願寺』というお寺でした。その山号である無量山の名前を冠したこのお酒は、紀土の最高峰シリーズとなります。全てが最高クラスの原材料で醸される無量山、当然最高品質のお米が使用されています。

最高水準である兵庫県特A地区産「山田錦」を20％まで丁寧に精米し、地元和歌山の清らかで滑らかな湧き水で醸しました。これは平和酒造の中で最も高精米の商品になります。洋梨やメロン、巨峰のような果物味を感じるリッチで瑞々しい香りは嗅ぐだけで、すでに味わったかのような満足感を得られます。20％という高精米と平和酒造の技術が合わさり、これまで体験したことのない透明感のある味わいを楽しめます。シルクを思わせる滑らかさが喉を通り、じんわりと奥行きのあるきめ細かな甘みは存在感を放ちます。

超限定商品です。発売本数はなんとたったの50本のみ。【IWC 2020(インターナショナル・ワイン・チャレンジ)】にて2年連続「Sake Brewer of the year」に選ばれた平和酒造のその貫録を見せつける最高級酒になります。世界王者が醸す極み酒。是非とも特別な日、特別な人とお楽しみ下さい。",https://www.af-1.jp/bottle/12880.jpg
紀土 Miyazaki's 純米吟醸 雄町 生,紀土　Miyazaki's 純米吟醸 雄町 生 1.8L,13003,平和酒造,和歌山県,中口,やや強い,純米大吟醸,False,False,山田錦,True,3600,平和酒造の新しい取り組み！「杜氏資格保有者シリーズ」第一弾！！,"平和酒造に新卒採用で入社した社員が酒造りの技術を磨き、2019年・2020年にそれぞれ一名が南部杜氏資格を取得。
彼らが手掛けた特別醸造酒をお届けする、平和酒造の新たな取り組み「杜氏資格保有者シリーズ」の第一弾がこちらの「Miyazaki's 純米吟醸 雄町 生」です。
「これまでの紀土の純吟で、最高に繊細で上品なお酒」を目標に、醸造家 宮崎啓 氏が新しい仕込みを試した純米吟醸生酒。
雄町米のクリアな味わい。リンゴや洋梨を思わせる上品な香りに、優しく広がる繊細な甘みが特徴です。
自然豊かな和歌山で暮らす中、人間自身も自然の一つの要素と感じ、「造り手もまたテロワール（風土）」と育んできた熱い情熱を表現した「新しい紀土」をぜひ味わってみてください。

 醸造家 宮崎啓
2009年平和酒造入社。福岡県出身。
蔵人制から新卒採用制へ移行する初期世代として様々な経験を重ね、2019年南部杜氏資格を取得。
製造の要として世界一のお酒を目指し、蔵のチーム力強化に励んでいる。",https://www.af-1.jp/bottle/13003.jpg
紀土 Miyazaki's 純米吟醸 雄町 生,紀土　Miyazaki's 純米吟醸 雄町 生720ml,13004,平和酒造,和歌山県,中口,やや強い,純米大吟醸,False,False,山田錦,True,1800,平和酒造の新しい取り組み！「杜氏資格保有者シリーズ」第一弾！！,"平和酒造に新卒採用で入社した社員が酒造りの技術を磨き、2019年・2020年にそれぞれ一名が南部杜氏資格を取得。
彼らが手掛けた特別醸造酒をお届けする、平和酒造の新たな取り組み「杜氏資格保有者シリーズ」の第一弾がこちらの「Miyazaki's 純米吟醸 雄町 生」です。
「これまでの紀土の純吟で、最高に繊細で上品なお酒」を目標に、醸造家 宮崎啓 氏が新しい仕込みを試した純米吟醸生酒。
雄町米のクリアな味わい。リンゴや洋梨を思わせる上品な香りに、優しく広がる繊細な甘みが特徴です。
自然豊かな和歌山で暮らす中、人間自身も自然の一つの要素と感じ、「造り手もまたテロワール（風土）」と育んできた熱い情熱を表現した「新しい紀土」をぜひ味わってみてください。

 醸造家 宮崎啓
2009年平和酒造入社。福岡県出身。
蔵人制から新卒採用制へ移行する初期世代として様々な経験を重ね、2019年南部杜氏資格を取得。
製造の要として世界一のお酒を目指し、蔵のチーム力強化に励んでいる。",https://www.af-1.jp/bottle/13003.jpg
本紀土 純米吟醸酒,本紀土 純米吟醸酒 1.8L,13255,平和酒造,和歌山県,中口,やや強い,純米大吟醸,False,False,山田錦,True,2560,"紀土が考える新たなる
日本酒の本質","今や世界中から引く手数多となり、その柔らかな飲み口と優しい味わいから人気を博す『紀土』。そんな紀土からこの度新たなるラインナップが定番商品として登場します。その名も『本紀土』。本紀土の『本』は、本マグロや本わさびと言った言葉に使われているような、物事の本質を意味しているそうで、紀土の考えるこれからの日本酒の新しい姿であり、日本酒本来の旨さを幅広い人に愉しんでもらえるようにという思いが込められているそうです。

今までの紀土との大きな違いはアルコール度数にあり、この『本紀土』は13度と日本酒にしては非常に低アルコールの部類になっています。そのため、飲み心地もより柔らかく、日本酒にあまり馴染みのない方でも飲みやすい味わいを実現し、紀土の仕込み水の柔らかさや水の美しさに重きを置いて表現しているとのこと。ですが、ただ綺麗で低アルコールというだけではなく、しっかりと紀土ならではといえる柔らかな甘みや味わいの膨らみを感じることができます。後味にスッとキレるシャープさも持ち合わせ、紀土らしい魅力、さらには日本酒の魅力がしっかりと詰まっています。
日本酒という広い世界への入り口をお探しの方やいつもの日本酒のアルコール度数は少しキツイ、という方に特におすすめの一本です。",https://www.af-1.jp/bottle/13255.jpg
本紀土 純米吟醸酒,本紀土 純米吟醸酒 720ml,13256,平和酒造,和歌山県,中口,やや強い,純米大吟醸,False,False,山田錦,True,1280,"紀土が考える新たなる
日本酒の本質","今や世界中から引く手数多となり、その柔らかな飲み口と優しい味わいから人気を博す『紀土』。そんな紀土からこの度新たなるラインナップが定番商品として登場します。その名も『本紀土』。本紀土の『本』は、本マグロや本わさびと言った言葉に使われているような、物事の本質を意味しているそうで、紀土の考えるこれからの日本酒の新しい姿であり、日本酒本来の旨さを幅広い人に愉しんでもらえるようにという思いが込められているそうです。

今までの紀土との大きな違いはアルコール度数にあり、この『本紀土』は13度と日本酒にしては非常に低アルコールの部類になっています。そのため、飲み心地もより柔らかく、日本酒にあまり馴染みのない方でも飲みやすい味わいを実現し、紀土の仕込み水の柔らかさや水の美しさに重きを置いて表現しているとのこと。ですが、ただ綺麗で低アルコールというだけではなく、しっかりと紀土ならではといえる柔らかな甘みや味わいの膨らみを感じることができます。後味にスッとキレるシャープさも持ち合わせ、紀土らしい魅力、さらには日本酒の魅力がしっかりと詰まっています。
日本酒という広い世界への入り口をお探しの方やいつもの日本酒のアルコール度数は少しキツイ、という方に特におすすめの一本です。",https://www.af-1.jp/bottle/13255.jpg
紀土 あがらの純米大吟醸 (箱入),紀土 あがらの純米大吟醸 (箱入) 720ml,11383,平和酒造,和歌山県,中口,やや強い,純米大吟醸,False,False,山田錦,True,4000,"蔵人たちと和歌山の米栽培農家の思いが込められた
あがら(＝私たち)のお酒","あがらとは和歌山の方言で「私たち」という意味です。
自社田で蔵人たちが栽培した和歌山産の山田錦を35％まで磨き上げた、蔵人達の想いがギュッと詰まった特別なお酒です。
その情熱に共鳴するかのように、深い味わいと美しい透明感。フレッシュな香りとやわらかな口当たり。微発砲かと思えるほどのシャープな酸とキレ。
「あがら」の大切で特別な紀土、今年も到着です。",https://www.af-1.jp/bottle/11383.jpg
紀土 純米 あがらの酒,紀土 純米 あがらの酒 1.8L,10845,平和酒造,和歌山県,中口,やや強い,純米大吟醸,False,False,山田錦,True,2400,蔵人たちと和歌山の米栽培農家の思いが込められたあがら(＝私たち)のお酒,"「紀州の風土」という呼び名から「紀土」という名が付けられています。
その中でもっとも風土を表しているのが『あがら・・』のシリーズです。
あえて米の旨味をしっかりと出すために低精米にしています。
米由来の甘みを是非感じてください。",https://www.af-1.jp/bottle/10845.jpg
紀土 純米 あがらの酒,紀土 純米 あがらの酒 720ｍｌ,11585,平和酒造,和歌山県,中口,やや強い,純米大吟醸,False,False,山田錦,True,1200,蔵人たちと和歌山の米栽培農家の思いが込められたあがら(＝私たち)のお酒,"「紀州の風土」という呼び名から「紀土」という名が付けられています。
その中でもっとも風土を表しているのが『あがら・・』のシリーズです。
あえて米の旨味をしっかりと出すために低精米にしています。
米由来の甘みを是非感じてください。",https://www.af-1.jp/bottle/10845.jpg
紀土 純米大吟醸 shibata's be cool,紀土 純米大吟醸 shibata's be cool 1.8L,12302,平和酒造,和歌山県,中口,やや強い,純米大吟醸,False,False,山田錦,True,3600,今年の夏はshibataで乗り切れ！,"山田錦を50％精米歩合して仕込んだ純米大吟醸の中から、柴田杜氏が夏用に厳選した日本酒「shibata's be cool！」。

洋梨やライチを思わせる透き通るような香りを感じます。
爽やかな微発砲と相まって、上品な甘みと酸味を堪能できる暑い季節にぴったりな純米大吟醸酒。

そんな「紀土 Shibata's be cool！」にオススメのお料理は、
・鮎の塩焼き
・ハモの天婦羅
・焼きナス
など、さっぱりとしながら味のふくらみのあるお料理との相性が抜群です！",https://www.af-1.jp/bottle/12302.jpg
紀土 純米大吟醸 shibata's be cool,紀土 純米大吟醸 shibata's be cool 720ml,12303,平和酒造,和歌山県,中口,やや強い,純米大吟醸,False,False,山田錦,True,1800,今年の夏はshibataで乗り切れ！,"山田錦を50％精米歩合して仕込んだ純米大吟醸の中から、柴田杜氏が夏用に厳選した日本酒「shibata's be cool！」。

洋梨やライチを思わせる透き通るような香りを感じます。
爽やかな微発砲と相まって、上品な甘みと酸味を堪能できる暑い季節にぴったりな純米大吟醸酒。

そんな「紀土 Shibata's be cool！」にオススメのお料理は、
・鮎の塩焼き
・ハモの天婦羅
・焼きナス
など、さっぱりとしながら味のふくらみのあるお料理との相性が抜群です！",https://www.af-1.jp/bottle/12302.jpg
紀土 純米大吟醸 宙へ MOMO7号記念酒,紀土 純米大吟醸 宙へ MOMO7号記念酒 1.8L,12276,平和酒造,和歌山県,中口,やや強い,純米大吟醸,False,False,山田錦,True,3600,祝！！紀土燃料ロケット打ち上げ成功！！,"2021年7月3日、世界で初めて日本酒を燃料の一部としたロケットの打ち上げに成功！！その記念として「紀土　純米大吟醸　宙へ！！~ MOMO7号機 宇宙到達記念酒~」がリリースです！
味わいは、フルーティーで山田錦らしい旨味たっぷり、キレ良しの美酒です。

日本酒を、宇宙へ。2019年に始まった挑戦。
民間で国内初の宇宙空間への打ち上げに成功したインターステラテクノロジズ(IST）や堀江貴文氏の宇宙への情熱に強く共感し支援するため、「紀土 純米大吟醸 宙へ!!」は生まれました。
2021年7月3日、これと同じスペックの紀土が燃料として一部使用されたMOMO7号機が、宇宙空間に到達し打ち上げ大成功。
紀土が世界で初めて、宇宙に行くロケットに使われたお酒となりました。

国産ロケットだから国産の燃料を一部使用したい。
そうした想いから生まれた日本酒というローテクが、ロケットというハイテクと協力し合う夢のコラボレーション。
「こうして大団円を迎えられたのも、IST社様のロケット事業への情熱、そして皆様の応援があってこそだと思います。本当にありがとうございました。」
蔵元からの感謝の気持ちがギュッと詰まった「紀土　純米大吟醸　宙へ！！~ MOMO7号機 宇宙到達記念酒~」。

宇宙への到達を皆で祝いましょう！ さあ！ 紀土（きっど）！ 宙へ！",https://www.af-1.jp/bottle/12276.jpg
紀土 純米大吟醸 宙へ MOMO7号記念酒,紀土 純米大吟醸 宙へ MOMO7号記念酒　720ml,12277,平和酒造,和歌山県,中口,やや強い,純米大吟醸,False,False,山田錦,True,1800,祝！！紀土燃料ロケット打ち上げ成功！！,"2021年7月3日、世界で初めて日本酒を燃料の一部としたロケットの打ち上げに成功！！その記念として「紀土　純米大吟醸　宙へ！！~ MOMO7号機 宇宙到達記念酒~」がリリースです！
味わいは、フルーティーで山田錦らしい旨味たっぷり、キレ良しの美酒です。

日本酒を、宇宙へ。2019年に始まった挑戦。
民間で国内初の宇宙空間への打ち上げに成功したインターステラテクノロジズ(IST）や堀江貴文氏の宇宙への情熱に強く共感し支援するため、「紀土 純米大吟醸 宙へ!!」は生まれました。
2021年7月3日、これと同じスペックの紀土が燃料として一部使用されたMOMO7号機が、宇宙空間に到達し打ち上げ大成功。
紀土が世界で初めて、宇宙に行くロケットに使われたお酒となりました。

国産ロケットだから国産の燃料を一部使用したい。
そうした想いから生まれた日本酒というローテクが、ロケットというハイテクと協力し合う夢のコラボレーション。
「こうして大団円を迎えられたのも、IST社様のロケット事業への情熱、そして皆様の応援があってこそだと思います。本当にありがとうございました。」
蔵元からの感謝の気持ちがギュッと詰まった「紀土　純米大吟醸　宙へ！！~ MOMO7号機 宇宙到達記念酒~」。

宇宙への到達を皆で祝いましょう！ さあ！ 紀土（きっど）！ 宙へ！",https://www.af-1.jp/bottle/12276.jpg
本紀土 純米大吟醸,本紀土 純米大吟醸 1.8L,10337,平和酒造,和歌山県,中口,やや強い,純米大吟醸,False,False,山田錦,True,3100,"旨さ華やかさそのまま！
美しい低アル純米大吟醸！","その柔らかな飲み口と優しい味わいから世界的人気を博す『紀土』。
そんな紀土が送り出す低アルコールのラインナップ『本紀土』からついに純米大吟醸が登場です。

通常の紀土と同様、山田錦を50％まで精米して醸されています。
本紀土の『本』は、本マグロや本わさびと言った言葉に使われているような、物事の本質を意味し、紀土の考えるこれからの日本酒の新しい姿、日本酒本来の旨さを幅広い人に愉しんでもらえるようにという思いが込められているそう。

今までの紀土との大きな違いはそのアルコール度数。
13度と日本酒にしては非常に低アルコールの設計です。
2種類の酵母をブレンドすることで、控え目ながらも華やかな純米大吟醸らしい香りを生み出し、お酒全体のバランスを大事にして仕上げられています。

より優しく柔らかく、親しみやすい飲み心地で、紀土の仕込み水の柔らかさや清らかさ、綺麗な水を表現した本紀土の純米大吟醸。
ただ綺麗で低アルコールというだけではなく、しっかりと紀土ならではといえる柔らかな甘みや味わいの膨らみ。後味にスッとキレるシャープさも持ち合わせ、紀土らしい魅力、さらには日本酒の魅力がしっかりと詰まっています。
日頃あまり日本酒を飲まない方、いつもの日本酒のアルコール度数は少しキツイ、という方に特におすすめの一本です。",https://www.af-1.jp/bottle/10337.jpg
	本紀土 純米大吟醸,	本紀土 純米大吟醸 720ml,10338,平和酒造,和歌山県,中口,やや強い,純米大吟醸,False,False,山田錦,True,1550,"旨さ華やかさそのまま！
美しい低アル純米大吟醸！","その柔らかな飲み口と優しい味わいから世界的人気を博す『紀土』。
そんな紀土が送り出す低アルコールのラインナップ『本紀土』からついに純米大吟醸が登場です。

通常の紀土と同様、山田錦を50％まで精米して醸されています。
本紀土の『本』は、本マグロや本わさびと言った言葉に使われているような、物事の本質を意味し、紀土の考えるこれからの日本酒の新しい姿、日本酒本来の旨さを幅広い人に愉しんでもらえるようにという思いが込められているそう。

今までの紀土との大きな違いはそのアルコール度数。
13度と日本酒にしては非常に低アルコールの設計です。
2種類の酵母をブレンドすることで、控え目ながらも華やかな純米大吟醸らしい香りを生み出し、お酒全体のバランスを大事にして仕上げられています。

より優しく柔らかく、親しみやすい飲み心地で、紀土の仕込み水の柔らかさや清らかさ、綺麗な水を表現した本紀土の純米大吟醸。
ただ綺麗で低アルコールというだけではなく、しっかりと紀土ならではといえる柔らかな甘みや味わいの膨らみ。後味にスッとキレるシャープさも持ち合わせ、紀土らしい魅力、さらには日本酒の魅力がしっかりと詰まっています。
日頃あまり日本酒を飲まない方、いつもの日本酒のアルコール度数は少しキツイ、という方に特におすすめの一本です。",https://www.af-1.jp/bottle/10337.jpg
赤 紀土-KID-,赤 紀土-KID- 1.8L,10475,平和酒造,,中口,やや強い,純米大吟醸,False,False,山田錦,True,3000,悠久の紀州の風土を感じる「赤米」の酒！ 香ばしさと蜜にも感じる香りでゆったりと楽しんで,"悠久の紀州の風土を感じてもらいたい…先史時代に日本に伝来した当時の姿を残す
「赤米」を用いて醸した「赤紀土」が登場です!

蔵が位置する和歌山県北部、東方に高野山を頂く海南市溝ノ口。
周辺には縄文末期から弥生、室町など様々な時代の人の営みを残した溝ノ口遺跡が存在しており、古くから稲作、そして酒造りが盛んな地域でした。この故郷のルーツに着目し作られたのが今回の『赤紀土』。
「赤米」はタンニン系赤色素をもつ古代米の一種。縄文時代に日本に最初に伝わった稲とされ、アントシアニンをはじめとするポリフェノールやビタミン、ミネラルが多く含まれる栄養素豊富な米です。この米が持つタンニンのエグ味は抑えつつ、バランスの良い美しい赤いお酒が醸されました。

紀土らしい飲み飽きのしない軽快さ。赤米による香ばしさや蜜にも感じる香り、奥行きがあり、ゆったりとした余韻を感じられる味わい。
多くの方にぜひご賞味いただきたい、紀土最新、期待の定番商品です。",https://www.af-1.jp/bottle/10475.jpg
赤 紀土-KID-,赤 紀土-KID- 720ml,10476,平和酒造,,中口,やや強い,純米大吟醸,False,False,山田錦,True,1500,悠久の紀州の風土を感じる「赤米」の酒！ 香ばしさと蜜にも感じる香りでゆったりと楽しんで,"悠久の紀州の風土を感じてもらいたい…先史時代に日本に伝来した当時の姿を残す
「赤米」を用いて醸した「赤紀土」が登場です!

蔵が位置する和歌山県北部、東方に高野山を頂く海南市溝ノ口。
周辺には縄文末期から弥生、室町など様々な時代の人の営みを残した溝ノ口遺跡が存在しており、古くから稲作、そして酒造りが盛んな地域でした。この故郷のルーツに着目し作られたのが今回の『赤紀土』。
「赤米」はタンニン系赤色素をもつ古代米の一種。縄文時代に日本に最初に伝わった稲とされ、アントシアニンをはじめとするポリフェノールやビタミン、ミネラルが多く含まれる栄養素豊富な米です。この米が持つタンニンのエグ味は抑えつつ、バランスの良い美しい赤いお酒が醸されました。

紀土らしい飲み飽きのしない軽快さ。赤米による香ばしさや蜜にも感じる香り、奥行きがあり、ゆったりとした余韻を感じられる味わい。
多くの方にぜひご賞味いただきたい、紀土最新、期待の定番商品です。",https://www.af-1.jp/bottle/10475.jpg
本紀土 純米酒,本紀土 純米酒 1.8L,13399,平和酒造,和歌山県,中口,やや強い,純米大吟醸,False,False,山田錦,True,2300,和歌山の清らかな水を感じて！ 柔らかな甘みと美しい酸味がしっかり,"柔らかな飲み口と優しい味わいから世界的人気を博す『紀土』。
そんな紀土の新ラインナップ『本紀土』から、純米酒のご紹介です。
本紀土の『本』は、本マグロや本わさびと言った言葉に使われているような、物事の本質を意味し、紀土の考えるこれからの日本酒の新しい姿、日本酒本来の旨さを幅広い人に愉しんでもらえるようにという思いが込められているそう。
より優しく柔らかく、親しみやすい飲み心地で、紀土の仕込み水の柔らかさや清らかさ、綺麗な水が表現されています。

今までの『紀土 純米酒』よりも麹の割合を多くして仕込まれ、柔らかな甘みと美しい酸味がしっかりと感じられます。度数が13度という低アルコールながらも飲み応え抜群。バランスよく飲み飽きしない味わいは、お刺身や鍋料理、焼き鳥などあっさりとした和食との相性も良く、食中酒としてもオススメの一本です。",https://www.af-1.jp/bottle/13399.jpg
本紀土 純米酒,本紀土 純米酒 720ml,13400,平和酒造,和歌山県,中口,やや強い,純米大吟醸,False,False,山田錦,True,1150,和歌山の清らかな水を感じて！ 柔らかな甘みと美しい酸味がしっかり,"柔らかな飲み口と優しい味わいから世界的人気を博す『紀土』。
そんな紀土の新ラインナップ『本紀土』から、純米酒のご紹介です。
本紀土の『本』は、本マグロや本わさびと言った言葉に使われているような、物事の本質を意味し、紀土の考えるこれからの日本酒の新しい姿、日本酒本来の旨さを幅広い人に愉しんでもらえるようにという思いが込められているそう。
より優しく柔らかく、親しみやすい飲み心地で、紀土の仕込み水の柔らかさや清らかさ、綺麗な水が表現されています。

今までの『紀土 純米酒』よりも麹の割合を多くして仕込まれ、柔らかな甘みと美しい酸味がしっかりと感じられます。度数が13度という低アルコールながらも飲み応え抜群。バランスよく飲み飽きしない味わいは、お刺身や鍋料理、焼き鳥などあっさりとした和食との相性も良く、食中酒としてもオススメの一本です。",https://www.af-1.jp/bottle/13399.jpg
紀土 純米酒 白麹仕込み 杜氏資格保有者仕込,紀土 純米酒 白麹仕込み 杜氏資格保有者仕込 720ml,11237,平和酒造,和歌山県,中口,やや強い,純米大吟醸,False,False,山田錦,True,1800,"紀土の新境地！流行の白麹成す鮮烈な酸
「杜氏資格保有者シリーズ」第三弾！","平和酒造にて南部杜氏資格取得者が手掛けた特別醸造酒をお届けする、平和酒造の新たな取り組み「杜氏資格保有者シリーズ」の第三弾が入荷！
新たに挑むのは白麹を用いた酒造りです。

この企画の中心となっているのはクラフトビール『平和クラフト』の醸造長、高木加奈子氏。純米酒に準ずる精米歩合で醸し、全国わずか1,400本限定での発売となります。

抜栓時から通常の紀土とは異なる強い柑橘系の香り。フレッシュなグレープフルーツやオレンジのように甘みと酸を感じさせます。含むと醪由来の華やかなガス感に加え、さっぱりと瑞々しい酸味と紀土らしいジューシーな甘み。酸と甘みが織り成す余韻も大変心地よく、従来の紀土とは一線を画す味わいを楽しむことができます。

この柑橘のような香りや、強い酸味は、白麹が生成する強いクエン酸によるもの。
通常焼酎造りに用いられる白麹ですが、近年この特徴的な味わいが注目され、日本酒造りにも多く使用されています。

タレなど円やかな酸味のある料理などとも相性が良く、酢豚やローストビーフ、焼き鳥などの肉料理との相性も抜群。
紀土の描く新たな1ページを、ぜひ味わってみてください！",https://www.af-1.jp/bottle/11237.jpg
平和どぶろく 弐ノ濁,平和どぶろく 弐ノ濁 720ml,10846,平和酒造,和歌山県,中口,やや強い,純米大吟醸,False,False,山田錦,True,1600,"白麹で醸すどぶろく！
さっぱりと甘い新感覚","今や大人気となった日本酒・紀土を醸す平和酒造の新ラインナップ『平和どぶろく』。
どぶろくとは、清酒と異なりもろみを濾さずに瓶詰めされた、日本酒の祖先ともいえるお酒。近年、米と米麹以外の原料を用いるなど、様々な創意工夫を凝らし従来の日本酒の枠を超えて醸造される、クラフトサケの一種として脚光を浴びています。

「弐ノ濁」は、白麹を用いて醸造されたどぶろくです。白麹とは、通常焼酎造りに用いられる麹菌。清酒造りに用いることで、強いクエン酸を発生させ、味わいに特徴的な酸味を生みだします。この味が近年注目され、様々な蔵で使用されています。そんな白麹と、和歌山県産のにこまるを用いて醸した、さっぱりと飲めるどぶろくに仕上がっています。

柑橘系の爽やかな香り。にこまる特有の柔らかく穏やかな甘みに、爽やかな酸味と、どぶろくならではのクリーミーさが加わり、ヨーグルトを思わせる特徴的な味わい。
後味は軽めの余韻がふわふわと残ります。

とにかく濃いイメージのどぶろくの印象を覆す、爽やかさ。しっかりと冷やしてゴクゴクとご賞味ください、きっと驚かれるはずです。",https://www.af-1.jp/bottle/10846.jpg
平和どぶろく 壱ノ濁,平和どぶろく 壱ノ濁 720ｍｌ,13209,平和酒造,和歌山県,中口,やや強い,純米大吟醸,False,False,山田錦,True,1200,"クラフト・サケの源流!?
シンプルで無垢などぶろく!","今や大人気となった日本酒・紀土を醸す平和酒造の新ラインナップ『平和どぶろく』。
どぶろくとは、清酒と異なりもろみを濾さずに瓶詰めされた、日本酒の祖先ともいえるお酒。近年、米と米麹以外の原料を用いるなど、様々な創意工夫を凝らし従来の日本酒の枠を超えて醸造される、クラフトサケの一種として脚光を浴びています。

「壱ノ濁」は、米と米麹だけを使った大変シンプルな造りの、平和どぶろくの基礎とも言える一本。使用している米は和歌山県産のにこまる。まるく大粒、さっぱりとした甘さと特有の食感が人気の食用米です。

炊き立てのお米のような落ち着いた香りとほんのりとした甘みがあります。
口に含むと、ぷちぷちと弾ける発酵由来のガスを感じます。
そこから弾ける、控えめで優しい甘み、米本来の味わいやコクを感じられ、どぶろくの魅力を丁寧に教えてくれるような仕立て。

単体でお召し上がりいただくのはもちろん、濃い味付けの料理や、揚げ物など、様々な料理とのペアリングもお楽しみ頂けます。
新たな扉を開いてくれる一本として、ぜひいかがでしょうか。",https://www.af-1.jp/bottle/13209.jpg
平和どぶろく 参ノ濁,平和どぶろく 参ノ濁 720ml,13346,平和酒造,和歌山県,中口,やや強い,純米大吟醸,False,False,山田錦,True,1600,"弾けるホップの爽快感！
飲みやすさ抜群のNEWどぶろく！","今や大人気となった日本酒・紀土を醸す平和酒造の新ラインナップ『平和どぶろく』。
どぶろくとは、清酒と異なりもろみを濾さずに瓶詰めされた、日本酒の祖先ともいえるお酒。近年、米と米麹以外の原料を用いるなど、様々な創意工夫を凝らし従来の日本酒の枠を超えて醸造される、クラフトサケの一種として脚光を浴びています。

参ノ濁は、平和酒造の手掛けるクラフトビール『平和クラフト』で使用するホップを原料の一部に使用。通常の日本酒と異なり、どぶろくをはじめとするクラフトサケ（その他の醸造酒）では米と米麹以外にフルーツやハーブ、スパイスといった副原料を用いることができ、それによってさまざまな個性を表現しています。

和歌山県産の米・にこまるとホップが織り成す、まろやかな米の甘みにホップ特有の
苦み、酸味が重なった爽やかな味わい。しっかりと弾ける炭酸、そして爽やかな後口は、まるでホワイトビールのよう。

9％という低めのアルコール度数も相まって、爽快感たっぷりで楽しめる一本に仕上がっています。しっかりと冷やしてそのまま、またはロックで一層さっぱりといただくのもオススメです。",https://www.af-1.jp/bottle/13346.jpg
紀土 純米吟醸酒 杜氏資格保有者仕込,紀土 純米吟醸酒 杜氏資格保有者仕込 720ml,10298,平和酒造,和歌山県,中口,やや強い,純米大吟醸,False,False,山田錦,True,1800,"「杜氏資格保有者シリーズ」第４弾！
冷燗旨い！飲み飽きしない食中美酒！","平和酒造にて南部杜氏資格取得者が手掛けた特別醸造酒をお届けする、平和酒造の
新たな取り組み「杜氏資格保有者シリーズ」の第四弾が入荷しました！
今回は、杜氏資格を保有する蔵人たちでディスカッションを重ね、田村浩貴氏を中心に『飲み飽きのしない食中酒として楽しめる純米吟醸』をコンセプトに醸造！

口当たりは優しい甘みを感じるまろやかさ、後半では酸を感じるキレのある味わい。
冷酒でも燗でも存分に楽しめる設計で、冷やではぶどうや梨を連想させる優しい香りとスッキリとした輪郭のある味わい。上燗〜熱燗で軽快さが際立ち、お酒が体にジンワリと染み渡る感覚が楽しめます。

何よりのコンセプト、様々なお食事と相性よく、特に旨味や甘みが凝縮した、おでんや肉団子の甘酢あん、カワハギの煮つけなどとは抜群！
人気シリーズ、3000本のみの限定販売です。ぜひお見逃しなく。",https://www.af-1.jp/bottle/10298.jpg
